Total_Wards,Total_Demand_m3_day,Total_Supplied_m3_day,Average_Pressure_m,Average_Shortage_pct
198,30754875.238000005,27229782.65546652,52.856503917482456,8.955668993113942
